RS-T4.0,品牌,车型
165/70R13,一汽,夏利
,,夏利2000
,三菱,菱帅
,东风,东风小王子
,吉利,优利欧
,,美日
,,豪情
,,豹风GT
,开瑞,优派
,标致,106
,铃木,羚羊
,长安,奔奔
175/65R14,一汽,夏利
,,夏利2000
,,威乐
,,威姿
,,威志
,,自由风
,,雅酷
,三菱,太空车
,丰田,威驰
,全球鹰,GX2
,别克,GL8
,华普,朗风
,,海域
,,海尚
,,海峰
,,海悦
,,海迅
,吉利,优利欧
,,美人豹
,,美日
,,自由舰
,,豪情
,,远景
,,金刚
,,金鹰
,奇瑞,旗云
,,旗云2
,本田,思域
,,思迪
,,飞度
,标致,206
,江淮,同悦
,,同悦RS
,,和悦
,江铃,风华
,海马,普力马
,,海马M2
,理念,理念S1
,福特,嘉年华
,起亚,千里马
,长安,CX20
,雪佛兰,新赛欧
,马自达,马自达2
,,马自达2劲翔
185/60R14,力帆,力帆520
,华普,海域
,,海尚
,,海峰
,,海悦
,吉利,美人豹
,大众,VENTO
,,宝来
,,捷达
,,波罗
,,高尔
,奇瑞,旗云
,,旗云2
,,风云
,斯柯达,晶锐
,本田,思域
,现代,美佳
,,雅绅特
,福特,嘉年华
,,护卫者
,起亚,千里马
,雪佛兰,乐风
,,乐骋
,,新赛欧
,,赛欧
,雪铁龙,C2
,,富康
,,爱丽舍
185/65R14,一汽,威志
,三菱,菱帅
,,蓝瑟
,东南,菱悦
,丰田,光冠
,众泰,众泰Z200
,别克,凯越
,哈飞,赛豹
,大众,波罗
,标致,标致206
,,标致207
,海马,海福星
,,福美来
,现代,雅绅特
,起亚,Rio
,长安,悦翔
,雪铁龙,C2
,马自达,323
185/65R15,众泰,朗悦
,名爵,名爵3
,大发,森雅S80
,日产,蓝鸟
,,轩逸
,,阳光
,,颐达
,,骊威
,,骐达
,标致,104
,,207CC
,,307CC
,现代,伊兰特
,,伊兰特悦动
,瑞麒,X1
,,瑞麒X1
,福田,迷迪
,,风景
,起亚,赛拉图
,长城,凌傲
,,炫丽
,,腾翼C30
,,迷你SUV
,,酷熊
,雪铁龙,C3
,,桑蒂雅
,,毕加索
195/60R14,大众,桑塔纳
,,桑塔纳2000
,,桑塔纳3000
,,桑塔纳旅行车
,,波罗
195/65R15,一汽,奔腾
,东风,景逸
,中华,中华
,,中华H530
,,酷宝
,,骏捷
,,骏捷FRV
,,骏捷FSV
,,骏捷Wagon
,丰田,卡罗拉
,,威姿
,,远景
,大众,宝来
,,帕萨特
,,朗逸
,,途安
,,速腾
,,领驭
,,高尔
,,高尔夫
,奇瑞,A3
,斯柯达,明锐
,日产,蓝鸟
,本田,思域
,,诗韵
,标致,306
,,308
,,406
,,标致206
,,标致307
,,标致308
,江淮,同悦RS
,,宾悦
,江铃,陆风X9
,,风尚
,海马,福美来
,现代,i30
,,伊兰特悦动
,福特,福克斯
,铃木,天语
,长城,嘉誉
,,腾翼C50
,长安,CX30
,,奔奔
,,志翔
,,杰勋
,雪铁龙,世嘉
,,毕加索
,马自达,马自达3