RS-W3.0,品牌,车型
175/65R14,一汽,夏利
,,威乐
,,威姿
,,威志
,,自由风
,,雅酷
,丰田,威姿
,,威驰
,全球鹰,GX2
,华普,朗风
,,海域
,,海尚
,,海峰
,,海悦
,,海迅
,吉利,优利欧
,,美人豹
,,美日
,,自由舰
,,豪情
,,远景
,,金刚
,,金鹰
,奇瑞,旗云
,,旗云2
,拉达,拉达
,本田,思域
,,思迪
,,飞度
,标致,206
,欧宝,可赛
,江淮,同悦
,,同悦RS
,,和悦
,江铃,风华
,海马,普力马
,,海马M2
,福特,嘉年华
,英伦,SC5
,,SC5-RV
,起亚,千里马
,跃进,英格尔
,长安,CX20
,雪佛兰,新赛欧
,马自达,马自达2
185/60R14,丰田,卡罗拉
,力帆,力帆520
,华普,海域
,,海尚
,,海峰
,,海悦
,吉利,美人豹
,大众,宝来
,,捷达
,,高尔
,奇瑞,旗云
,,旗云2
,,风云
,斯柯达,晶锐
,本田,思域
,现代,美佳
,,雅绅特
,福特,嘉年华
,,护卫者
,起亚,千里马
,雪佛兰,乐风
,,乐骋
,,赛欧
,雪铁龙,C2
,,富康
,,爱丽舍
185/65R14,一汽,威志
,三菱,太空车
,,菱帅
,,蓝瑟
,东南,菱悦
,众泰,众泰Z200
,别克,凯越
,哈飞,赛豹
,,赛马
,大众,Polo
,标致,标致206
,,标致207
,海马,海福星
,,福美来
,现代,雅绅特
,起亚,Rio
,长城,迷你SUV
,长安,悦翔
,雪铁龙,C2
,马自达,323
185/65R15,众泰,朗悦
,,梦迪博朗
,名爵,名爵3
,大发,森雅S80
,日产,蓝鸟
,,轩逸
,,阳光
,,颐达
,,骊威
,,骏逸
,,骐达
,标致,104
,,207CC
,,307CC
,现代,伊兰特
,瑞麒,X1
,,瑞麒X1
,福田,迷迪
,,风景
,起亚,赛拉图
,长城,凌傲
,,炫丽
,,腾翼C30
,,迷你SUV
,,酷熊
,雪铁龙,C3
,,桑蒂雅
,,毕加索
195/55R15,三菱,蓝瑟
,东南,菱悦
,丰田,卡瑞那
,别克,凯越
,吉利,中国龙
,哈飞,赛豹
,,赛马
,大众,Polo
,奇瑞,A5
,,E5
,,旗云
,,风云2
,斯柯达,晶锐
,本田,思域
,,雅阁
,标致,206CC
,海马,普力马
,,欢动
,,海福星
,,海马3
,,福美来
,现代,美佳
,,雅绅特
,瑞麒,瑞麒G3
,起亚,Rio
,铃木,利亚纳
,长安,悦翔
,雪佛兰,乐风
,雪铁龙,赛纳
,马自达,323
195/60R15,三菱,蓝瑟
,东风,风神H30
,,风神S30
,丰田,卡罗拉
,,普锐斯
,,花冠
,众泰,朗悦
,,梦迪博朗
,力帆,力帆620
,华普,海迅
,吉利,远景
,奇瑞,A5
,,旗云3
,宝骏,宝骏630
,日产,阳光
,比亚迪,比亚迪F3
,,比亚迪F3-R
,,比亚迪G3
,,比亚迪G3R
,,比亚迪L3
,,福莱尔
,现代,伊兰特
,福特,福克斯
,莲花,竞速
,,莲花L3
,菲亚特,马力昂
,起亚,凯恩斯
,,赛拉图
,,赛拉图欧风
,雪铁龙,C4
,雷诺,风景
195/65R15,一汽,奔腾
,东风,景逸
,中华,中华
,,中华H530
,,酷宝
,,骏捷
,,骏捷FRV
,,骏捷FSV
,,骏捷Wagon
,丰田,卡罗拉
,,威姿
,大众,宝来
,,帕萨特
,,开迪
,,捷达
,,朗逸
,,途安
,,速腾
,,领驭
,,高尔
,,高尔夫
,奇瑞,A3
,斯柯达,明锐
,日产,公爵
,,蓝鸟
,本田,思域
,,诗韵
,,雅阁
,标致,306
,,308
,,406
,,标致206
,,标致307
,,标致308
,江淮,同悦RS
,,宾悦
,江铃,陆风X9
,,风尚
,海马,福美来
,现代,i30
,,伊兰特悦动
,福特,福克斯
,起亚,福瑞迪
,铃木,天语
,长城,嘉誉
,,腾翼C50
,长安,CX30
,,奔奔
,,志翔
,,杰勋
,雪佛兰,爱唯欧
,雪铁龙,世嘉
,,毕加索
,雷诺,梅甘娜
,,风景
,马自达,马自达3
,,马自达3星骋
205/55R16,一汽,奔腾
,三菱,日蚀
,,格兰
,东风,景逸
,中华,中华
,,中华H530
,,酷宝
,,骏捷FRV
,,骏捷FSV
,,骏捷Wagon
,丰田,卡罗拉
,全球鹰,GC7
,吉利,远景
,大众,宝来
,,帕萨特
,,捷达
,,迈腾
,,途安
,,速腾
,,领驭
,,高尔夫
,奇瑞,A3
,,东方之子
,奔驰,A160
,,C180
,,C200
,,C200K
,,C230
,,C240
,,C260
,,C280
,奥迪,A3
,,A4
,,A6
,帝豪,帝豪EC718
,,帝豪EC7-RV
,广汽,传祺
,斯柯达,昊锐
,,明锐
,本田,思域
,,雅阁
,标致,306
,,307
,,308
,,标致308
,欧宝,赛飞利
,,雅特
,江淮,和悦
,,和悦RS
,,宾悦
,海马,福美来
,现代,i30
,福特,福克斯
,,蒙迪欧
,荣威,荣威350
,起亚,SOUL
,,狮跑
,,福瑞迪
,,赛拉图
,,远舰
,长城,嘉誉
,,腾翼C50
,雪佛兰,景程
,,爱唯欧
,,骑士
,雪铁龙,C4
,,世嘉
,雷诺,拉古娜
,,梅甘娜
,马自达,马自达3
,,马自达6
205/65R15,三菱,菱绅
,吉利,远景
,大众,宝来
,,高尔
,奇瑞,A5
,,东方之子
,帝豪,帝豪EC718
,,帝豪EC7-RV
,日产,风度
,本田,雅阁
,欧宝,欧米茄
,比亚迪,比亚迪F3
,,比亚迪F6
,,比亚迪G6
,现代,名驭
,,索纳塔
,福特,野马
,,金牛座
,起亚,新佳乐
,雪佛兰,景程
,,科鲁兹
,雪铁龙,XM
,,帕斯卡
,,桑蒂雅
215/55R16,名爵,名爵
,,名爵6
,,名爵7
,,名爵TF
,大众,宝来
,,帕萨特
,,沙兰
,,迈腾
,,领驭
,奔驰,E320
,奥迪,A4
,,奥迪A6
,帝豪,帝豪EC718
,,帝豪EC7-RV
,斯柯达,弗雷西亚
,日产,光荣
,,公爵王
,,风度
,标致,308
,,406
,,408
,欧宝,威达
,福特,蒙迪欧
,,蒙迪欧致胜
,荣威,荣威550
,,荣威750
,雪铁龙,C4
,,凯旋
,,帕斯卡
,,毕加索
,马自达,MILLENIA
215/60R16,三菱,戈蓝
,,格蓝迪
,,欧蓝德
,丰田,凯美瑞
,,锐志
,双龙,主席
,大众,帕萨特
,大宇,主席
,帝豪,帝豪EC8
,日产,奥蒂玛
,,西玛
,本田,奥德赛
,,雅阁
,标致,标致508
,现代,索纳塔
,福特,S-Max
,铃木,凯泽西
,马自达,MPV
215/65R16,三菱,劲炫
,丰田,埃尔法
,,塞纳
,力帆,力帆X60
,大众,康比
,,途观
,奇瑞,瑞虎
,斯巴鲁,森林人
,日产,奇骏
,,贵士
,,逍客
,本田,CR-V
,,奥德赛
,猎豹,猎豹
,,猎豹CS7
,,飞腾
,现代,特杰
,,途胜
,福特,野马
,起亚,狮跑
,道奇,凯领
,,锋哲
,马自达,马自达8
225/45R17,大众,宝来
,,尚酷
,,朗逸
,,速腾
,,领驭
,,高尔夫
,奔驰,C180
,,C200
,,C200K
,,C230
,,C260
,,C280
,,C300
,奥迪,A3
,宝马,318I
,,320I
,,325CI
,,325i
,,330CI
,,330I
,,335I
,广汽,传祺
,斯柯达,明锐
,日产,SENTRA
,标致,308
,欧宝,威达
,,雅特
,比亚迪,比亚迪M6
,莲花,爱丽丝
225/55R16,丰田,SOARER
,凯迪拉克,CTS
,别克,荣御
,奔驰,C200
,,C280
,,C300
,奥迪,A1
,,A4
,,A5
,,A6
,宝马,318I
,,320I
,,325i
,,520I
225/60R16,别克,GL8
,,君威
,,君越
,,林荫大道
,华泰,B11
,现代,君爵
,,雅尊
,,雅科仕
,红旗,红旗
,,红旗旗舰
,雪铁龙,C5