SF-510,品牌,车型
215/70R16,三菱,欧蓝德 EX
,丰田,RAV4
,奇瑞,瑞虎
,本田,元素
,海马,海马骑士
,现代,现代ix35
,,途胜
,起亚,智跑
,雪佛兰,科帕奇
225/70R16,丰田,汉兰达
,北京,骑士
,华泰,宝利格
,吉普,切诺基
,江淮,瑞鹰
,现代,圣达菲
,,胜达
,起亚,索兰托
,铃木,维特拉
225/75R16,北京,域胜007
,,战旗
,双龙,享御
,,爱腾
,吉普,北京吉普
,荣威,荣威W5
235/65R17,中兴,无限
,北京,陆霸
,双环,双环SCEO
,,来宝S-RV
,吉奥,吉奥
,奥迪,奥迪Q5
,宝马,X5
,新凯,新凯
,江铃,陆风X8
,沃尔沃,XC60
,,XC90
,长城,哈弗
,黄海,黄海
235/85R16,日产,途乐
,猎豹,猎豹
,,黑金刚
245/75R16,五十铃,竞技者
,吉姆西,商务之星
,江铃,陆风X6
,,陆风X9
,金杯,霸道
265/65R17,三菱,帕杰罗
,丰田,FORTUNER
,,普拉多
,江铃,驭胜
,猎豹,猎豹
,,猎豹CS6
265/75R16,丰田,FJ酷路泽
,北京,勇士
,,陆霸
,日产,Frontier